{
  "action_diagnostics": {
    "per_dim_mae_action4": {
      "dx": 0.004140452016144991,
      "dy": 0.0029615736566483974,
      "dz": 0.014294063672423363,
      "dgrip": 0.07124993950128555
    },
    "pred_action4_stats": {
      "dx": {
        "mean": -0.0014634394474737549,
        "std": 0.002588680959659207,
        "min": -0.016272718086838722,
        "max": 0.0055158911272883415
      },
      "dy": {
        "mean": 0.00010138581353796484,
        "std": 0.0010473972092300446,
        "min": -0.013737240806221962,
        "max": 0.0023300624452531338
      },
      "dz": {
        "mean": -0.009006758883757435,
        "std": 0.00533749680347692,
        "min": -0.032268673181533813,
        "max": 0.0012008538469672203
      },
      "dgrip": {
        "mean": -0.03025221239208527,
        "std": 0.016852530003738344,
        "min": -0.11345622688531876,
        "max": 0.04331597685813904
      }
    },
    "gt_action4_stats": {
      "dx": {
        "mean": 0.0,
        "std": 0.005912486613780135,
        "min": -0.010266140103340149,
        "max": 0.010266125202178955
      },
      "dy": {
        "mean": 1.0123071463211723e-13,
        "std": 0.003984736775012038,
        "min": -0.011330842971801758,
        "max": 0.011330842971801758
      },
      "dz": {
        "mean": -0.006521739143392314,
        "std": 0.01718347968146184,
        "min": -0.04000002145767212,
        "max": 0.011269211769104004
      },
      "dgrip": {
        "mean": -0.043478260869565216,
        "std": 0.20393111999232305,
        "min": -1.0,
        "max": 0.0
      }
    },
    "action_norm_pred": {
      "mean": 0.03362182862105091,
      "std": 0.01372361319517969,
      "min": 0.010038984008133411,
      "max": 0.11353446543216705
    },
    "action_norm_gt": {
      "mean": 0.059342952067761315,
      "std": 0.20086143380349067,
      "min": 0.0,
      "max": 1.0
    },
    "translation_cosine_similarity": {
      "mean": -0.01570157833626423,
      "std": 0.7795565965271244,
      "min": -0.9994847774505615,
      "max": 0.9999023079872131
    }
  },
  "rollout_diagnostics": {
    "final_center_error": {
      "mean": 0.09282080940902233,
      "std": 0.04918156378613176,
      "min": 0.015458749607205391,
      "max": 0.25372564792633057
    },
    "final_center_error_percentiles": {
      "p10": 0.02603720165789128,
      "p25": 0.05373740289360285,
      "p50": 0.08469009026885033,
      "p75": 0.1355980932712555,
      "p90": 0.15627772361040115
    },
    "distance_to_goal_last_pred": {
      "mean": 0.09282080955803394,
      "std": 0.04918156386630884,
      "min": 0.015458749607205391,
      "max": 0.25372564792633057
    }
  },
  "feature_diagnostics": {
    "gc6d_feature_norm": {
      "mean": 25.55675075531006,
      "std": 2.2674388551123883e-05,
      "min": 25.556625366210938,
      "max": 25.55681037902832
    },
    "metaworld_feature_norm": {
      "mean": NaN,
      "std": NaN,
      "min": NaN,
      "max": NaN
    }
  },
  "ap_top1_diagnostics": {
    "top1_center_distance_to_nearest_gt": {
      "mean": 0.062044985996326435,
      "std": 0.04268339744861742,
      "min": 0.0028785427566617727,
      "max": 0.2279299795627594
    },
    "top1_rotation_trace_to_nearest_gt": {
      "mean": 1.9438678431510925,
      "std": 0.9715850349217324,
      "min": -0.9986236691474915,
      "max": 2.9531238079071045
    },
    "width_stats": {
      "mean": 0.12824530055746436,
      "std": 0.03272880687377119,
      "min": 0.007372971624135971,
      "max": 0.14000000059604645
    },
    "height_stats": {
      "mean": 0.019999999552965164,
      "std": 0.0,
      "min": 0.019999999552965164,
      "max": 0.019999999552965164
    },
    "depth_stats": {
      "mean": 0.019999999552965164,
      "std": 0.0,
      "min": 0.019999999552965164,
      "max": 0.019999999552965164
    },
    "center_distance_percentiles": {
      "p10": 0.01210591895505786,
      "p25": 0.02479647332802415,
      "p50": 0.054989043623209,
      "p75": 0.08845009468495846,
      "p90": 0.12171615064144134
    },
    "rotation_trace_percentiles": {
      "p10": 0.06389832794666292,
      "p25": 2.0167527198791504,
      "p50": 2.2833133935928345,
      "p75": 2.3144885897636414,
      "p90": 2.6482966661453244
    },
    "width_percentiles": {
      "p10": 0.08949449807405471,
      "p25": 0.14000000059604645,
      "p50": 0.14000000059604645,
      "p75": 0.14000000059604645,
      "p90": 0.14000000059604645
    },
    "height_percentiles": {
      "p10": 0.019999999552965164,
      "p25": 0.019999999552965164,
      "p50": 0.019999999552965164,
      "p75": 0.019999999552965164,
      "p90": 0.019999999552965164
    },
    "depth_percentiles": {
      "p10": 0.019999999552965164,
      "p25": 0.019999999552965164,
      "p50": 0.019999999552965164,
      "p75": 0.019999999552965164,
      "p90": 0.019999999552965164
    }
  },
  "num_episodes": 200
}